Item Name,Vendor Item Code,Packaging Information,Unit of Measure,Unit/Box,Item Color,Item Size,PCs in a Box,SF by PC/SHEET,SF By Box,Cost,Group,Finish
Acacia Valley Floor Tile Plank Matte,6361P6,12.78 SF/BOX,SQUARE FOOT,,AV05 Ash,6X36,,,12.78,5.70,ACACIA VALLEY,MATTE
Acacia Valley Floor Tile Plank Matte,6361P6,12.78 SF/BOX,SQUARE FOOT,,AV06 Ark,6X36,,,12.78,5.70,ACACIA VALLEY,MATTE
Acacia Valley Floor Tile Plank Matte,6361P6,12.78 SF/BOX,SQUARE FOOT,,AV08 Ridge,6X36,,,12.78,5.70,ACACIA VALLEY,MATTE
Acacia Valley Floor Tile Plank Matte,9361P6,13.02 SF/BOX,SQUARE FOOT,,AV13 Ash,9X36,,,13.02,5.72,ACACIA VALLEY,MATTE
Acacia Valley Floor Tile Plank Matte,9361P6,13.02 SF/BOX,SQUARE FOOT,,AV14 Ark,9X36,,,13.02,5.72,ACACIA VALLEY,MATTE
ACREAGE Floor Tile Plank Matte,PLK848MT,15.18 SF/BOX,SQUARE FOOT,,AC11 Palomino,8X48,,,15.18,2.93,ACREAGE,MATTE
ACREAGE Floor Tile Plank Matte,PLK848MT,15.18 SF/BOX,SQUARE FOOT,,AC12 Reserve,8X48,,,15.18,2.93,ACREAGE,MATTE
ACREAGE Floor Tile Plank Matte,PLK848MT,15.18 SF/BOX,SQUARE FOOT,,AC13 Stetson,8X48,,,15.18,2.93,ACREAGE,MATTE
ACREAGE Floor Tile Plank Matte,PLK848MT,15.18 SF/BOX,SQUARE FOOT,,AC14 Highland,8X48,,,15.18,2.93,ACREAGE,MATTE
ACREAGE Mosaic Tile Stacked Matte,STK124MSMT,7.56 SF/BOX,SQUARE FOOT,,AC11 Palomino,1X24,,,7.56,11.13,ACREAGE,MATTE
AESTHETIC Wall Tile Rectangle Arrow Satin,12361P,17.44 SF/BOX,SQUARE FOOT,,AS25 Arrow,12X36,,,17.44,5.54,AESTHETIC,SATIN
AESTHETIC Wall Tile Rectangle Frequency Satin,12361P,17.44 SF/BOX,SQUARE FOOT,,AS22 Frequency,12X36,,,17.44,5.54,AESTHETIC,SATIN
AESTHETIC Wall Tile Rectangle Geometric Satin,12361P,17.44 SF/BOX,SQUARE FOOT,,AS23 Geometric,12X36,,,17.44,5.54,AESTHETIC,SATIN
AESTHETIC Wall Tile Rectangle Glossy,12361P,17.44 SF/BOX,SQUARE FOOT,,AS21 Flat Glossy,12X36,,,17.44,5.54,AESTHETIC,GLOSSY
AESTHETIC Wall Tile Rectangle Honeycomb Satin,12361P,17.44 SF/BOX,SQUARE FOOT,,AS27 Honeycomb,12X36,,,17.44,5.54,AESTHETIC,SATIN
AESTHETIC Wall Tile Rectangle Retrocube Satin,12361P,17.44 SF/BOX,SQUARE FOOT,,AS26 Retrocube,12X36,,,17.44,5.54,AESTHETIC,SATIN
AESTHETIC Wall Tile Rectangle Tribal Satin,12361P,17.44 SF/BOX,SQUARE FOOT,,AS24 Tribal,12X36,,,17.44,5.54,AESTHETIC,SATIN
AFFINITY Floor Tile Square Matte,SQ1212MTJJ1,16.72 SF/BOX,SQUARE FOOT,,AF01 Cream,12X12,,,16.72,1.80,AFFINITY,MATTE
AFFINITY Floor Tile Rectangle Matte,RCT1224MTJ1,17.60 SF/BOX,SQUARE FOOT,,AF02 Beige,12X24,,,17.60,2.27,AFFINITY,MATTE
AFFINITY Floor Tile Rectangle Matte,RCT1224MTJ1,17.60 SF/BOX,SQUARE FOOT,,AF03 Gray,12X24,,,17.60,2.27,AFFINITY,MATTE
AFFINITY Floor Tile Trim Bullnose Matte,P43C91P1,30.00 PC/BOX,PIECE,,AF01 Cream,3X12,30,,,4.07,AFFINITY,MATTE
AFFINITY Floor Tile Trim Bullnose Matte,P43C91P1,30.00 PC/BOX,PIECE,,AF02 Beige,3X12,30,,,4.07,AFFINITY,MATTE
AFFINITY Floor Tile Trim Bullnose Matte,P43C91P1,30.00 PC/BOX,PIECE,,AF03 Gray,3X12,30,,,4.07,AFFINITY,MATTE
AFFINITY Floor Tile Trim Bullnose Matte,P43C91P1,30.00 PC/BOX,PIECE,,AF04 Brown,3X12,30,,,4.07,AFFINITY,MATTE
AFFINITY Mosaic Tile Straight Joint Matte,22MS1P2,24.00 SF/BOX,SQUARE FOOT,,AF01 Cream,2X2,,,24.00,5.14,AFFINITY,MATTE
AFFINITY Mosaic Tile Straight Joint Matte,22MS1P2,24.00 SF/BOX,SQUARE FOOT,,AF02 Beige,2X2,,,24.00,5.14,AFFINITY,MATTE
AFFINITY Mosaic Tile Straight Joint Matte,22MS1P2,24.00 SF/BOX,SQUARE FOOT,,AF03 Gray,2X2,,,24.00,5.14,AFFINITY,MATTE
AFFINITY Wall Tile Rectangle Matte,10141P2,14.25 SF/BOX,SQUARE FOOT,,AF01 Cream,10X14,,,14.25,2.62,AFFINITY,MATTE
AMITY Mosaic Tile Random Linear Glass,LNRANMS1P,13.95 SF/BOX,SQUARE FOOT,,AM50 White,11X13,,,13.95,11.24,AMITY,GLASS
AMITY Mosaic Tile Random Linear Glass,LNRANMS1P,13.95 SF/BOX,SQUARE FOOT,,AM51 Taupe,11X13,,,13.95,11.24,AMITY,GLASS
AMITY Mosaic Tile Random Linear Glass,LNRANMS1P,13.95 SF/BOX,SQUARE FOOT,,AM52 Grey,11X13,,,13.95,11.24,AMITY,GLASS
AMITY Wall Tile Rectangle Glossy,361P,6.00 SF/BOX,SQUARE FOOT,,AM50 White,3X6,,,6.00,10.42,AMITY,GLOSSY
AMITY Wall Tile Rectangle Glossy,361P,6.00 SF/BOX,SQUARE FOOT,,AM51 Taupe,3X6,,,6.00,10.42,AMITY,GLOSSY
AMITY Wall Tile Rectangle Glossy,361P,6.00 SF/BOX,SQUARE FOOT,,AM52 Grey,3X6,,,6.00,10.42,AMITY,GLOSSY
ANDERS Floor Tile Square Matte,SQU3232MT,13.78 SF/BOX,SQUARE FOOT,,AN10 Mist,32X32,,,13.78,3.80,ANDERS,MATTE
ANDERS Floor Tile Square Matte,SQU3232MT,13.78 SF/BOX,SQUARE FOOT,,AN11 Frost,32X32,,,13.78,3.80,ANDERS,MATTE
ANDERS Floor Tile Square Matte,SQU3232MT,13.78 SF/BOX,SQUARE FOOT,,AN12 Glacier,32X32,,,13.78,3.80,ANDERS,MATTE
ANDERS Floor Tile Square Matte,SQU3232MT,13.78 SF/BOX,SQUARE FOOT,,AN13 Shadow,32X32,,,13.78,3.80,ANDERS,MATTE
ANNAPOLIS Wall Tile Rectangle Glossy,6161P,13.65 SF/BOX,SQUARE FOOT,,AP07 Sand,6X16,,,13.65,2.86,ANNAPOLIS,GLOSSY
AYERS ROCK Floor Tile Square Matte,13131P,16.00 SF/BOX,SQUARE FOOT,,AY01 Solar Summit,13X13,,,16.00,6.49,AYERS ROCK,MATTE
AYERS ROCK Floor Tile Square Matte,13131P,16.00 SF/BOX,SQUARE FOOT,,AY02 Golden Ground,13X13,,,16.00,6.49,AYERS ROCK,MATTE
AYERS ROCK Floor Tile Square Matte,13131P,16.00 SF/BOX,SQUARE FOOT,,AY03 Bronzed Beacon,13X13,,,16.00,6.49,AYERS ROCK,MATTE
AYERS ROCK Floor Tile Square Matte,13201P,12.86 SF/BOX,SQUARE FOOT,,AY04 Majestic Mound,13X20,,,12.86,7.17,AYERS ROCK,MATTE
AYERS ROCK Floor Tile Square Matte,13201P,12.86 SF/BOX,SQUARE FOOT,,AY05 Rustic Remnant,13X20,,,12.86,7.17,AYERS ROCK,MATTE
Lattice Weave Glossy Mosaic Tile 12x12 Sheet,13LWMS1P2,10.00 SF/CTN,SF,10.00,"Emerald, Mustard, Ocean Blue, Orange Burst, Sea Breeze, Plum Crazy, Navy, Currant",12x12,10.00,1.00,10.00,6.12,Group 3,Glossy
Hexagon Glossy Mosaic Tile 12x14 Sheet,15HEXMS1P2,9.72 SF/CTN,SF,9.72,"Emerald, Mustard, Ocean Blue, Orange Burst, Sea Breeze",12x14,9.72,1.00,9.72,6.11,Group 3,Glossy
Straight Joint Glossy Mosaic Tile 12x24 Sheet,22MS1P2,24.00 SF/CTN,SF,24.00,"Emerald, Mustard, Ocean Blue, Orange Burst, Sea Breeze, Plum Crazy, Navy, Currant",12x24,24.00,1.00,24.00,4.72,Group 3,Glossy
Penny Rounds Glossy Mosaic Tile 13x11 Sheet,PNYRDMSGL,10.60 SF/CTN,SF,10.60,"Emerald, Mustard, Ocean Blue, Orange Burst, Sea Breeze, Plum Crazy, Navy, Currant",13x11,10.60,1.00,10.60,10.77,Group 3,Glossy
Herringbone Glossy Mosaic Tile 9x12 Sheet,13HERMS1P2,6.00 SF/CTN,SF,6.00,"Emerald, Mustard, Ocean Blue, Orange Burst, Sea Breeze, Plum Crazy, Navy, Currant",9x12,6.00,1.00,6.00,6.71,Group 3,Glossy
S1/212J, Jolly, Glossy Wall Tile Trim, S1/212J1P2,192.00 PC/CTN,PC,192.00,"Emerald, Mustard, Ocean Blue, Orange Burst, Sea Breeze, Plum Crazy, Navy, Currant",1/2x12,192.00,1.00,192.00,6.67,Group 3,Glossy
Hexagon Matte Mosaic Tile 12x14 Sheet,15HEXMS1P2,10.00 SF/CTN,SF,10.00,"Arctic White/Black Matte",12x14,10.00,1.00,10.00,7.16,Pattern,Matte
Penny Rounds Matte Mosaic Tile 13x11 Sheet,PNYRDMSMT,10.60 SF/CTN,SF,10.60,"Arctic White/Black Matte",13x11,10.60,1.00,10.60,10.84,Pattern,Matte
Arabesque Glossy Mosaic Tile 11x12 Sheet,33ARABMS1P2,7.40 SF/CTN,SF,7.40,"Arctic White, Matte Arctic White, Desert Gray",11x12,7.40,1.00,7.40,7.86,Group 1,Glossy
Arabesque Matte Mosaic Tile 11x12 Sheet,33ARABMS1P2,7.40 SF/CTN,SF,7.40,"Arctic White, Matte Arctic White, Desert Gray",11x12,7.40,1.00,7.40,7.86,Group 1,Matte
Chevron Glossy Mosaic Tile 11x13 Sheet,23CHEVMS1P2,8.80 SF/CTN,SF,8.80,"Arctic White, Matte Arctic White, Desert Gray",11x13,8.80,1.00,8.80,7.84,Group 1,Glossy
Chevron Matte Mosaic Tile 11x13 Sheet,23CHEVMS1P2,8.80 SF/CTN,SF,8.80,"Arctic White, Matte Arctic White, Desert Gray",11x13,8.80,1.00,8.80,7.84,Group 1,Matte
3D Cube Glossy Mosaic Tile 12x13 Sheet,23CUBEMS1P2,8.80 SF/CTN,SF,8.80,"Arctic White, Matte Arctic White, Desert Gray",12x13,8.80,1.00,8.80,7.86,Group 1,Glossy
3D Cube Matte Mosaic Tile 12x13 Sheet,23CUBEMS1P2,8.80 SF/CTN,SF,8.80,"Arctic White, Matte Arctic White, Desert Gray",12x13,8.80,1.00,8.80,7.86,Group 1,Matte
Harlequin Glossy Mosaic Tile 12x13 Sheet,23HARMS1P2,8.80 SF/CTN,SF,8.80,"Arctic White, Matte Arctic White, Desert Gray",12x13,8.80,1.00,8.80,7.84,Group 1,Glossy
Harlequin Matte Mosaic Tile 12x13 Sheet,23HARMS1P2,8.80 SF/CTN,SF,8.80,"Arctic White, Matte Arctic White, Desert Gray",12x13,8.80,1.00,8.80,7.84,Group 1,Matte
Arabesque Glossy Mosaic Tile 11x12 Sheet,33ARABMS1P2,7.40 SF/CTN,SF,7.40,"-",11x12,7.40,1.00,7.40,7.94,Group 2,Glossy
Arabesque Matte Mosaic Tile 11x12 Sheet,33ARABMS1P2,7.40 SF/CTN,SF,7.40,"-",11x12,7.40,1.00,7.40,7.94,Group 2,Matte
Chevron Glossy Mosaic Tile 11x13 Sheet,23CHEVMS1P2,8.80 SF/CTN,SF,8.80,"-",11x13,8.80,1.00,8.80,7.94,Group 2,Glossy
Chevron Matte Mosaic Tile 11x13 Sheet,23CHEVMS1P2,8.80 SF/CTN,SF,8.80,"-",11x13,8.80,1.00,8.80,7.94,Group 2,Matte
3D Cube Glossy Mosaic Tile 12x13 Sheet,23CUBEMS1P2,8.80 SF/CTN,SF,8.80,"Black, Matte Black",12x13,8.80,1.00,8.80,7.94,Group 2,Glossy
3D Cube Matte Mosaic Tile 12x13 Sheet,23CUBEMS1P2,8.80 SF/CTN,SF,8.80,"Black, Matte Black",12x13,8.80,1.00,8.80,7.94,Group 2,Matte
Harlequin Glossy Mosaic Tile 12x13 Sheet,23HARMS1P2,8.80 SF/CTN,SF,8.80,"Black, Matte Black",12x13,8.80,1.00,8.80,7.94,Group 2,Glossy
Harlequin Matte Mosaic Tile 12x13 Sheet,23HARMS1P2,8.80 SF/CTN,SF,8.80,"Black, Matte Black",12x13,8.80,1.00,8.80,7.94,Group 2,Matte
Arabesque Glossy Mosaic Tile 11x12 Sheet,33ARABMS1P2,7.40 SF/CTN,SF,7.40,"Spa, Waterfall, Peacock, Galaxy",11x12,7.40,1.00,7.40,8.04,Group 3,Glossy
Chevron Glossy Mosaic Tile 11x13 Sheet,23CHEVMS1P2,8.80 SF/CTN,SF,8.80,"Spa, Waterfall, Peacock, Galaxy",11x13,8.80,1.00,8.80,8.04,Group 3,Glossy
3D Cube Glossy Mosaic Tile 12x13 Sheet,23CUBEMS1P2,8.80 SF/CTN,SF,8.80,"Spa, Waterfall, Peacock, Galaxy",12x13,8.80,1.00,8.80,8.04,Group 3,Glossy
Harlequin Glossy Mosaic Tile 12x13 Sheet,23HARMS1P2,8.80 SF/CTN,SF,8.80,"Spa, Waterfall, Peacock, Galaxy",12x13,8.80,1.00,8.80,8.04,Group 3,Glossy
S1/212J, Jolly, Glossy Wall Tile Trim,S1/212J1P2,192.00 PC/CTN,PC,192.00,"Spa, Waterfall, Peacock, Galaxy",1/2x12,192.00,1.00,192.00,6.67,Group 3,Glossy
S1/212J, Jolly, Glossy Wall Tile Trim,S1/212JGL,192.00 PC/CTN,PC,192.00,"Spa, Waterfall, Peacock, Galaxy",1/2x12,192.00,1.00,192.00,6.67,Group 3,Glossy
"52420L65MSX Rigid Click Luxury Vinyl Tile","52420L65MSX","18.60 SF/CTN",SF,18.60,"Wilde, Mariner",5X24,,"",18.60,2.40,"ASHER BEND",""
"971GD12ML2M Glue Down Luxury Vinyl Tile","971GD12ML2M","53.04 SF/CTN",SF,53.04,"Wilde, Mariner",9X71,,"",53.04,1.26,"ASHER BEND",""
"971GD20ML3M Glue Down Luxury Vinyl Tile","971GD20ML3M","35.36 SF/CTN",SF,35.36,"Wilde, Mariner",9X71,,"",35.36,1.82,"ASHER BEND",""
"97120L65MSX Rigid Click Luxury Vinyl Tile","97120L65MSX","26.51 SF/CTN",SF,26.51,"Wilde, Mariner",9X71,,"",26.51,2.30,"ASHER BEND",""
"VRDSNSX Overlap Stair Nose Trim","VRDSNSX","5.00 PC/CTN",PC,5.00,"Picket Fence, Villa, Hearth, Manor, Lodge",1 3/4X94,5,"",,47.90,"ASHER BEND","Superguardx"
"VSLCAPSX End Cap Trim","VSLCAPSX","5.00 PC/CTN",PC,5.00,"Picket Fence, Villa, Hearth, Manor, Lodge",1 3/8X94,5,"",,39.81,"ASHER BEND","SuperGuardX"
"971VSCAPSX Stair Cap Trim","971VSCAPSX","6.00 PC/CTN",PC,6.00,"Picket Fence, Villa, Hearth, Manor, Lodge",2 3/4X46,6,"",,37.07,"ASHER BEND","Superguardx"
"EXTSNSX Overlap Stair Nose Trim","EXTSNSX","5.00 PC/CTN",PC,5.00,"Picket Fence, Villa, Hearth, Manor, Lodge",2X94,5,"",,37.76,"ASHER BEND","Superguardx"
"SLIMTSX 4-IN-1 Trim","SLIMTSX","5.00 PC/CTN",PC,5.00,"Picket Fence, Villa, Hearth, Manor, Lodge",2X94,5,"",,36.71,"ASHER BEND","Superguardx"
"VQRNDSX End Mold Trim","VQRNDSX","10.00 PC/CTN",PC,10.00,"Picket Fence, Villa, Hearth, Manor, Lodge",3/4X94,10,"",,12.57,"ASHER BEND","Superguardx"
"RNDSTRDSX Round Stair Tread Trim","RNDSTRDSX","2.00 PC/CTN",PC,2.00,"Picket Fence, Villa, Hearth, Manor, Lodge",12 1/5X50,2,"",,64.25,"ASHER BEND","SuperGuardX"
"RC96060 Rigid Click Luxury Vinyl Tile","RC96060","22.38 SF/CTN",SF,22.38,"Whitelock, Garden, Courtyard, Acre, Saddle, Barrel",9X60,,"",22.38,2.09,"BELLAMY PLACE",""
"VRDSNST Overlap Stair Nose Trim","VRDSNST","5.00 PC/CTN",PC,5.00,"Whitelock, Garden, Courtyard, Acre, Saddle, Barrel",1 3/4X94,5,"",,47.90,"BELLAMY PLACE","Superguard"
"VSLCAPST End Cap Trim","VSLCAPST","5.00 PC/CTN",PC,5.00,"Whitelock, Garden, Courtyard, Acre, Saddle, Barrel",1 3/8X94,5,"",,39.81,"BELLAMY PLACE","SuperGuard"
"279V4IN1SX 4-IN-1 Trim","279V4IN1SX","3.00 PC/CTN",PC,3.00,"Whitelock, Garden, Courtyard, Acre, Saddle, Barrel",2X79,3,"",,37.76,"BELLAMY PLACE","Superguard"
"279VSNPSX Overlap Stair Nose Trim","279VSNPSX","10.00 PC/CTN",PC,10.00,"Whitelock, Garden, Courtyard, Acre, Saddle, Barrel",2X79,10,"",,36.70,"BELLAMY PLACE","Superguard"
"VQRNDST End Mold Trim","VQRNDST","10.00 PC/CTN",PC,10.00,"Whitelock, Garden, Courtyard, Acre, Saddle, Barrel",3/4X94,10,"",,12.57,"BELLAMY PLACE","Superguard"
"346VSCAPSX Stair Cap Trim","346VSCAPSX","6.00 PC/CTN",PC,6.00,"Whitelock, Garden, Courtyard, Acre, Saddle, Barrel",3X46,6,"",,43.52,"BELLAMY PLACE","Superguard"
"RNDSTRDST Round Stair Tread Trim","RNDSTRDST","2.00 PC/CTN",PC,2.00,"Whitelock, Garden, Courtyard, Acre, Saddle, Barrel",12 1/5X50,2,"",,64.25,"BELLAMY PLACE","SuperGuard"
"1818GD1P Glue Down Luxury Vinyl Tile","1818GD1P","36.00 SF/CTN",SF,36.00,"Woven White, Woven Grey",18X18,,"",36.00,2.66,"BELLANT",""
"648GD1P Glue Down Luxury Vinyl Tile","648GD1P","54.00 SF/CTN",SF,54.00,"Cafe",6X48,,"",54.00,1.46,"CYROSE",""
"VSLCAPSX End Cap Trim","VSLCAPSX","5.00 PC/CTN",PC,5.00,"White Ash, Coastal Grey, Honey Maple, Early American, Barnwood",1 3/8X94,5,"",,71.57,"CYROSE","Enhanced Urethane"
"VRDSNSX Overlap Stair Nose Trim","VRDSNSX","5.00 PC/CTN",PC,5.00,"White Ash, Coastal Grey, Honey Maple, Early American, Barnwood",2 1/2X94,5,"",,86.10,"CYROSE","Enhanced Urethane"
"EXTSNSX Overlap Stair Nose Trim","EXTSNSX","5.00 PC/CTN",PC,5.00,"White Ash, Coastal Grey, Honey Maple, Early American, Barnwood",2X94,5,"",,97.94,"CYROSE","Enhanced Urethane"
"SLIMTSX 4-IN-1 Trim","SLIMTSX","5.00 PC/CTN",PC,5.00,"White Ash, Coastal Grey, Honey Maple, Early American, Barnwood",2X94,5,"",,71.57,"CYROSE","Enhanced Urethane"
"VQRNDSX End Mold Trim","VQRNDSX","10.00 PC/CTN",PC,10.00,"White Ash, Coastal Grey, Honey Maple, Early American, Barnwood",3/4X94,10,"",,22.60,"CYROSE","Enhanced Urethane"
"RNDSTRDEU Round Stair Tread Trim","RNDSTRDEU","2.00 PC/CTN",PC,2.00,"White Ash, Coastal Grey, Honey Maple, Early American, Barnwood",12 1/5X50,2,"",,64.25,"CYROSE","Enhanced Urethane"
"747GD1P Glue Down Luxury Vinyl Tile","747GD1P","34.88 SF/CTN",SF,34.88,"",7X47,,"",34.88,2.70,"ELIXEN",""
"VSLCAPSX End Cap Trim","VSLCAPSX","5.00 PC/CTN",PC,5.00,"Sonoma Oak, White Oak, Vintage Pine, Ashwood, Driftwood, Exotic Teak, Black Walnut, Rustic Java, Rosewood",1 3/8X94,5,"",,71.57,"ELIXEN","SuperGuardX"
"VRDSNSX Overlap Stair Nose Trim","VRDSNSX","5.00 PC/CTN",PC,5.00,"Sonoma Oak, White Oak, Vintage Pine, Ashwood, Driftwood, Exotic Teak, Black Walnut, Rustic Java, Rosewood",2 1/2X94,5,"",,86.10,"ELIXEN","SuperGuardX"
"EXTSNSX Overlap Stair Nose Trim","EXTSNSX","5.00 PC/CTN",PC,5.00,"Sonoma Oak, White Oak, Vintage Pine, Ashwood, Driftwood, Exotic Teak, Black Walnut, Rustic Java, Rosewood",2X94,5,"",,97.94,"ELIXEN","SuperGuardX"
"SLIMTSX 4-IN-1 Trim","SLIMTSX","5.00 PC/CTN",PC,5.00,"Sonoma Oak, White Oak, Vintage Pine, Ashwood, Driftwood, Exotic Teak, Black Walnut, Rustic Java, Rosewood",2X94,5,"",,71.57,"ELIXEN","SuperGuardX"
"VQRNDSX End Mold Trim","VQRNDSX","10.00 PC/CTN",PC,10.00,"Sonoma Oak, White Oak, Vintage Pine, Ashwood, Driftwood, Exotic Teak, Black Walnut, Rustic Java, Rosewood",3/4X94,10,"",,22.60,"ELIXEN","SuperGuardX"
"748RC12ML47 Rigid Click Luxury Vinyl Tile","748RC12ML47","28.80 SF/CTN",SF,28.80,"Cottage, Heritage, Cobblestone, Scenic, Palisade, Craftsman",7 1/4X48,,"",28.80,2.57,"HALSTATT",""
"748RC20ML47 Rigid Click Luxury Vinyl Tile","748RC20ML47","28.80 SF/CTN",SF,28.80,"Cottage, Heritage, Cobblestone, Scenic, Palisade, Craftsman",7 1/4X48,,"",28.80,1.77,"HALSTATT",""
"VRDSNST Overlap Stair Nose Trim","VRDSNST","5.00 PC/CTN",PC,5.00,"Cottage, Heritage, Cobblestone, Scenic, Palisade, Craftsman",1 3/4X94,5,"",,86.10,"HALSTATT","Superguard"
"VSLCAPST End Cap Trim","VSLCAPST","5.00 PC/CTN",PC,5.00,"Cottage, Heritage, Cobblestone, Scenic, Palisade, Craftsman",1 3/8X94,5,"",,71.57,"HALSTATT","SuperGuard"
"344VSCAPST Stair Cap Trim","344VSCAPST","6.00 PC/CTN",PC,6.00,"Cottage, Heritage, Cobblestone, Scenic, Palisade, Craftsman",2 3/4X44,6,"",,73.88,"HALSTATT","Superguard"
"EXTSNST Overlap Stair Nose Trim","EXTSNST","5.00 PC/CTN",PC,5.00,"Cottage, Heritage, Cobblestone, Scenic, Palisade, Craftsman",2X94,5,"",,37.76,"HALSTATT","Superguard"
"SLIMTP29 4-IN-1 Trim","SLIMTP29","5.00 PC/CTN",PC,5.00,"Cottage, Heritage, Cobblestone, Scenic, Palisade, Craftsman",2X94,5,"",,36.71,"HALSTATT","Superguard"
"VQRNDST End Mold Trim","VQRNDST","10.00 PC/CTN",PC,10.00,"Cottage, Heritage, Cobblestone, Scenic, Palisade, Craftsman",3/4X94,10,"",,22.60,"HALSTATT","Superguard"
"RNDSTRDST Round Stair Tread Trim","RNDSTRDST","2.00 PC/CTN",PC,2.00,"Cottage, Heritage, Cobblestone, Scenic, Palisade, Craftsman",12 1/5X50,2,"",,64.25,"HALSTATT","SuperGuard"
"748GD8ML3M Glue Down Luxury Vinyl Tile","748GD8ML3M","40.64 SF/CTN",SF,40.64,"Townhouse, Colonial, Ranch, French Country, Rustic, Tudor, Bungalow, Farmhouse, Craftsman, Victorian, Cottage",7 1/2X48 1/2,,"",40.64,1.80,"HARPER'S PLACE",""
"VSLCAPST End Cap Trim","VSLCAPST","5.00 PC/CTN",PC,5.00,"Townhouse, Colonial, Ranch, French Country, Rustic, Tudor, Bungalow, Farmhouse, Craftsman, Victorian, Cottage",1 3/8X94,5,"",,71.57,"HARPER'S PLACE","SuperGuard"
"VRDSNST Overlap Stair Nose Trim","VRDSNST","5.00 PC/CTN",PC,5.00,"Townhouse, Colonial, Ranch, French Country, Rustic, Tudor, Bungalow, Farmhouse, Craftsman, Victorian, Cottage",2 1/2X94,5,"",,86.10,"HARPER'S PLACE","SuperGuard"
"EXTSNST Overlap Stair Nose Trim","EXTSNST","5.00 PC/CTN",PC,5.00,"Townhouse, Colonial, Ranch, French Country, Rustic, Tudor, Bungalow, Farmhouse, Craftsman, Victorian, Cottage",2X94,5,"",,97.94,"HARPER'S PLACE","SuperGuard"
"SLIMTST 4-IN-1 Trim","SLIMTST","5.00 PC/CTN",PC,5.00,"Townhouse, Colonial, Ranch, French Country, Rustic, Tudor, Bungalow, Farmhouse, Craftsman, Victorian, Cottage",2X94,5,"",,71.57,"HARPER'S PLACE","SuperGuard"
"VQRNDST End Mold Trim","VQRNDST","10.00 PC/CTN",PC,10.00,"Townhouse, Colonial, Ranch, French Country, Rustic, Tudor, Bungalow, Farmhouse, Craftsman, Victorian, Cottage",3/4X94,10,"",,22.60,"HARPER'S PLACE","SuperGuard"
"RNDSTRDST Round Stair Tread Trim","RNDSTRDST","2.00 PC/CTN",PC,2.00,"Townhouse, Colonial, Ranch, French Country, Rustic, Tudor, Bungalow, Farmhouse, Craftsman, Victorian, Cottage",12 1/5X50,2,"",,64.25,"HARPER'S PLACE","SuperGuard"
"752CLVT1P Flexible Click Luxury Vinyl Tile","752CLVT1P","26.91 SF/CTN",SF,26.91,"",7 1/2X52,,"",26.91,2.40,"LANGTON",""
S36C9 Cove Base Matte,S36C9MT,22.00 PC/CTN,PC,1,,"6X12",22.00,,,14.32,Delegate,Matte,1
640GGT Gutter Grid Tile Textured,XTP640GGT,3.00 PC/CTN,PC,1,,"6X40",3.00,,,152.74,Delegate,Textured,1
640GT Gutter Tile Textured,XTP640GT,2.00 PC/CTN,PC,1,,"6X40",2.00,,,210.88,Delegate,Textured,1
1220C6 Coping (6cm Return) Textured,XTP1220C6TX,2.00 PC/CTN,PC,1,,"12X20",2.00,,,73.13,Delegate,Textured,1
Gradino Step Tread Matte,16402CMST1P,1.00 PC/CTN,PC,1,,"16X40",1.00,,,275.56,Delegate,Matte,1
2020S Step Nose Textured,XTP2020STX,2.00 PC/CTN,PC,1,,"20X20",2.00,,,75.73,Delegate,Textured,1
2020SLHR Left Hand Return Step Nose Textured,XTP2020SLHR,2.00 PC/CTN,PC,1,,"20X20",2.00,,,99.23,Delegate,Textured,1
2020SRHR Right Hand Return Step Nose Textured,XTP2020SRHR,2.00 PC/CTN,PC,1,,"20X20",2.00,,,99.23,Delegate,Textured,1
2040SLHR Left Hand Return Step Nose Textured,XTP2040SLHR,1.00 PC/CTN,PC,1,,"20X40",1.00,,,165.42,Delegate,Textured,1
2040SRHR Right Hand Return Step Nose Textured,XTP2040SRHR,1.00 PC/CTN,PC,1,,"20X40",1.00,,,165.42,Delegate,Textured,1
Mosaic Tile 12x30 Sheet Random Linear,RANDMS1P2,7.52 SF/CTN,SF,1,"Off White, Light Grey, Dark Grey",12x30,7.52,1,7.52,15.48,Delegate,Matte,1
Rectangle Wall Tile Matte,6402CML41P,2.00 PC/CTN,PC,1,Dark Grey,6X40,2.00,,,199.61,Delegate,Matte,2
Rectangle Floor Tile Matte,PLK624MT,10.23 SF/CTN,SF,1,,6X24,10.23,1,10.23,7.81,Dignitary,Matte,2
Rectangle Floor Tile Light Polished,12241LK,15.12 SF/CTN,SF,1,,12X24,15.12,1,15.12,9.89,Dignitary,Light Polished,2
Rectangle Floor Tile Light Polished,RCT1224LP,17.02 SF/CTN,SF,1,,12X24,17.02,1,17.02,9.89,Dignitary,Light Polished,2
Rectangle Floor Tile Matte,12241PK,15.12 SF/CTN,SF,1,,12X24,15.12,1,15.12,6.06,Dignitary,Matte,2
Rectangle Floor Tile Matte,RCT1224MT,17.02 SF/CTN,SF,1,,12X24,17.02,1,17.02,6.06,Dignitary,Matte,2
Rectangle Floor Tile Textured,RCT1224TX,17.02 SF/CTN,SF,1,,12X24,17.02,1,17.02,7.47,Dignitary,Textured,2
Square Floor Tile Matte,24241PK,15.20 SF/CTN,SF,1,,24X24,15.20,1,15.20,6.38,Dignitary,Matte,2
Xterior Paver Tile Textured,XTP2424TX,7.60 SF/CTN,SF,1,,24X24,7.60,1,7.60,7.03,Dignitary,Textured,2
Rectangle Floor Tile Matte,24481P,15.50 SF/CTN,SF,1,,24X48,15.50,1,15.50,9.97,Dignitary,Matte,2
SC36C9 Cove Base Outcorner Matte,SC36C9MT,15.00 PC/CTN,PC,1,,1X6,15.00,1,15.00,15.69,Dignitary,Matte,3
SC36C9 Cove Base Outcorner Matte,SC36C9T1P,10.00 PC/CTN,PC,1,,1X6,10.00,1,10.00,13.23,Dignitary,Matte,3
P43F9 Bullnose Matte,P43F91P1,10.00 PC/CTN,PC,1,,3X24,10.00,1,10.00,10.84,Dignitary,Matte,3
S36C9 Cove Base Matte,S36C9MT,22.00 PC/CTN,PC,1,,6X12,22.00,1,22.00,15.69,Dignitary,Matte,3
S36C9 Cove Base Matte,S36C9T1P,20.00 PC/CTN,PC,1,,6X12,20.00,1,20.00,15.33,Dignitary,Matte,3
XTP624GGT Gutter Grid Tile Textured,XTP624GGT,200.00 PC/CTN,PC,1,,6X24,200.00,1,200.00,86.07,Dignitary,Textured,3
XTP624GT Gutter Tile Textured,XTP624GT,2.00 PC/CTN,PC,1,,6X24,2.00,1,2.00,102.12,Dignitary,Textured,3
XTP1224C6TX Coping 6cm Return Textured,XTP1224C6TX,2.00 PC/CTN,PC,1,,12X24,2.00,1,2.00,76.68,Dignitary,Textured,3
XTP1224S Step Nose Textured,XTP1224S,2.00 PC/CTN,PC,1,,12X24,2.00,1,2.00,66.34,Dignitary,Textured,3
XTP1224SLHR Left Hand Return Step Nose Textured,XTP1224SLHR,2.00 PC/CTN,PC,1,,12X24,2.00,1,2.00,75.72,Dignitary,Textured,3
XTP1224SRHR Right Hand Return Step Nose Textured,XTP1224SRHR,2.00 PC/CTN,PC,1,,12X24,2.00,1,2.00,75.72,Dignitary,Textured,3
Gradino Step Tread Matte,12242CMST1P,3.00 PC/CTN,PC,1,,12X24,3.00,1,3.00,63.59,Dignitary,Matte,3
XTP2424STX Step Nose Textured,XTP2424STX,2.00 PC/CTN,PC,1,,24X24,2.00,1,2.00,79.18,Dignitary,Textured,3
XTP2424SLHR Left Hand Return Step Nose Textured,XTP2424SLHR,2.00 PC/CTN,PC,1,,24X24,2.00,1,2.00,111.70,Dignitary,Textured,3
XTP2424SRHR Right Hand Return Step Nose Textured,XTP2424SRHR,2.00 PC/CTN,PC,1,,24X24,2.00,1,2.00,111.70,Dignitary,Textured,3
Mosaic Tile 12x12 Sheet Abstract,1212MS1P2,3.88 SF/CTN,SF,1,"Luminary White, Superior Taupe, Notable Beige, Eminence Grey, Governor Black, Herald Brown",12x12,3.88,1,3.88,19.22,Dignitary,Matte,4
Rectangle Floor Tile Matte,12241P,9.70 SF/CTN,SF,1,,12X24,9.70,1,9.70,7.83,Diplomacy,Matte,4
Xterior Paver Tile Textured,20402CM1P,5.38 SF/CTN,SF,1,,20X40,5.38,1,5.38,9.79,Diplomacy,Textured,4
Square Floor Tile Matte,24241P,11.64 SF/CTN,SF,1,,24X24,11.64,1,11.64,8.23,Diplomacy,Matte,4
Xterior Paver Tile Textured,24242CM1P,7.76 SF/CTN,SF,1,,24X24,7.76,1,7.76,10.24,Diplomacy,Textured,4
Rectangle Floor Tile Matte,24481P,15.50 SF/CTN,SF,1,,24X48,15.50,1,15.50,5.65,Diplomacy,Matte,4
SC36C9 Cove Base Outcorner Matte,SC36C9T1P,10.00 PC/CTN,PC,1,,1X6,10.00,1,10.00,15.06,Diplomacy,Matte,5
S43F9 Bullnose Matte,S43F91P1,10.00 PC/CTN,PC,1,,3X24,10.00,1,10.00,12.56,Diplomacy,Matte,5
640GGT Gutter Grid Tile Textured,XTP640GGT,3.00 PC/CTN,PC,1,,6X40,3.00,1,3.00,152.96,Diplomacy,Textured,5
640GT Gutter Tile Textured,XTP640GT,2.00 PC/CTN,PC,1,,6X40,2.00,1,2.00,211.34,Diplomacy,Textured,5
1220C6 Coping 6cm Return Textured,XTP1220C6TX,2.00 PC/CTN,PC,1,,12X20,2.00,1,2.00,73.32,Diplomacy,Textured,5
2020S Step Nose Textured,XTP2020STX,2.00 PC/CTN,PC,1,,20X20,2.00,1,2.00,76.10,Diplomacy,Textured,5
2020SLHR Left Hand Return Step Nose Textured,XTP2020SLHR,2.00 PC/CTN,PC,1,,20X20,2.00,1,2.00,99.59,Diplomacy,Textured,5
2020SRHR Right Hand Return Step Nose Textured,XTP2020SRHR,2.00 PC/CTN,PC,1,,20X20,2.00,1,2.00,99.59,Diplomacy,Textured,5
2040SLHR Left Hand Return Step Nose Textured,XTP2040SLHR,1.00 PC/CTN,PC,1,,20X40,1.00,1,1.00,166.14,Diplomacy,Textured,5
2040SRHR Right Hand Return Step Nose Textured,XTP2040SRHR,1.00 PC/CTN,PC,1,,20X40,1.00,1,1.00,166.14,Diplomacy,Textured,5
2040SRHR Right Hand Return Step Nose Textured,XTP2040SRHR,2.00 PC/CTN,PC,1,,20X40,2.00,1,2.00,166.14,Diplomacy,Textured,5
5/8X1 Brick Joint Matte,581BJMS1P,3.88 SF/CTN,SF,1,,12x12,3.88,1,3.88,25.02,Diplomacy,Matte,5
24481P Rectangle Matte,24481P,15.50 SF/CTN,SF,1,,24X48,15.50,1,15.50,9.26,Consulate,Matte,6
SC36C9 Cove Base Outcorner Matte,SC36C9T1P,10.00 PC/CTN,PC,1,,1X6,10.00,1,10.00,13.18,Consulate,Matte,6
PLK624MT Rectangle Matte,PLK624MT,10.23 SF/CTN,SF,1,,6X24,10.23,1,10.23,7.81,Haut Monde,Matte,6
12121PK Square Matte,12121PK,12.22 SF/CTN,SF,1,,12X12,12.22,1,12.22,5.32,Haut Monde,Matte,6
RCT1224LP Rectangle Light Polished,RCT1224LP,17.02 SF/CTN,SF,1,,12X24,17.02,1,17.02,6.85,Haut Monde,Light Polished,6
RCT1224MT Rectangle Matte,RCT1224MT,17.02 SF/CTN,SF,1,,12X24,17.02,1,17.02,4.64,Haut Monde,Matte,6
24241PK Square Matte,24241PK,15.20 SF/CTN,SF,1,,24X24,15.20,1,15.20,5.81,Haut Monde,Matte,6
24481PK Rectangle Matte,24481PK,15.26 SF/CTN,SF,1,,24X48,15.26,1,15.26,4.49,Haut Monde,Matte,7
SC36C9 Cove Base Outcorner Matte,SC36C9MT,15.00 PC/CTN,PC,1,,1X6,15.00,1,15.00,15.33,Haut Monde,Matte,7
SC36C9 Cove Base Outcorner Matte,SC36C9T1P,10.00 PC/CTN,PC,1,,1X6,10.00,1,10.00,13.04,Haut Monde,Matte,7
S43F9 Bullnose Matte,P43F91P1,10.00 PC/CTN,PC,1,,3X24,10.00,1,10.00,11.36,Haut Monde,Matte,7
S36C9 Cove Base Matte,S36C9MT,22.00 PC/CTN,PC,1,,6X12,22.00,1,22.00,15.33,Haut Monde,Matte,7
S36C9 Cove Base Matte,S36C9T1P,20.00 PC/CTN,PC,1,,6X12,20.00,1,20.00,14.71,Haut Monde,Matte,7
S36C9 Cove Base Matte,S36C9T1P,20.00 PC/CTN,PC,1,,6X12,20.00,1,20.00,14.01,Haut Monde,Matte,7
22MS1P1 Straight Joint Matte,22MS1P1,10.00 SF/CTN,SF,1,"Glitterati Granite, Leisure Beige, Elite Grey, Empire Black, Aristocrat Cream, Nobility White",12x12,10.00,1,10.00,16.31,Haut Monde,Matte,8
RCT1224RMTJ Rectangle Matte,RCT1224RMTJ,17.02 SF/CTN,SF,1,,12X24,17.02,1,17.02,5.41,SYNCHRONIC,Matte,8
RCT1224RTXJ Rectangle Textured,RCT1224RTXJ,17.02 SF/CTN,SF,1,,12X24,17.02,1,17.02,5.40,SYNCHRONIC,Textured,8
RCT1836RMT Rectangle Matte,RCT1836RMT,12.90 SF/CTN,SF,1,,18X36,12.90,1,12.90,4.03,SYNCHRONIC,Matte,8
SQU2424RMT Square Matte,SQU2424RMT,15.21 SF/CTN,SF,1,,24X24,15.21,1,15.21,3.66,SYNCHRONIC,Matte,8
PC36C9MT1 Cove Base Outcorner Matte,PC36C9MT1,15.00 PC/CTN,PC,1,,1X6,15.00,1,15.00,12.12,SYNCHRONIC,Matte,9
P43F9MT1 Bullnose Matte,P43F9MT1,10.00 PC/CTN,PC,1,,3X24,10.00,1,10.00,7.73,SYNCHRONIC,Matte,9
P36C9MT1 Cove Base Matte,P36C9MT1,22.00 PC/CTN,PC,1,,6X12,22.00,1,22.00,12.12,SYNCHRONIC,Matte,9
STJ16MSMT Straight Joint Matte,STJ16MSMT,10.00 SF/CTN,SF,1,"White, Beige, Taupe, Grey, Charcoal",12x12,10.00,1,10.00,15.53,SYNCHRONIC,Matte,9
8471P Plank Matte,8471P,14.75 SF/CTN,SF,1,,8X48,14.75,1,14.75,2.82,TRANSIO,Matte,10
RCT1224MT Rectangle Matte,RCT1224MT,17.02 SF/CTN,SF,1,,12X24,17.02,1,17.02,5.90,ASSEMBLE,Matte,10
30301P Square Matte,30301P,12.12 SF/CTN,SF,1,,30X30,12.12,1,12.12,7.50,ASSEMBLE,Matte,10
30601P Rectangle Matte,30601P,24.22 SF/CTN,SF,1,,30X60,24.22,1,24.22,7.41,ASSEMBLE,Matte,10
32322CM1P Xterior Paver Textured,32322CM1P,6.89 SF/CTN,SF,1,,32X32,6.89,1,6.89,11.38,ASSEMBLE,Textured,10
XTP632GGT Gutter Grid Tile Textured,XTP632GGT,200.00 PC/CTN,PC,1,,6X32,200.00,1,200.00,121.33,ASSEMBLE,Textured,10
XTP632GT Gutter Tile Textured,XTP632GT,2.00 PC/CTN,PC,1,,6X32,2.00,1,2.00,166.93,ASSEMBLE,Textured,10
XTP1232C6TX Coping 6cm Return Textured,XTP1232C6TX,2.00 PC/CTN,PC,1,,12X32,2.00,1,2.00,115.99,ASSEMBLE,Textured,10
XTP1632STX Step Nose Textured,XTP1632STX,2.00 PC/CTN,PC,1,,16X32,2.00,1,2.00,109.15,ASSEMBLE,Textured,10
XTP1632SLHR Left Hand Return Step Nose Textured,XTP1632SLHR,2.00 PC/CTN,PC,1,,16X32,2.00,1,2.00,116.49,ASSEMBLE,Textured,10
XTP1632SRHR Right Hand Return Step Nose Textured,XTP1632SRHR,2.00 PC/CTN,PC,1,,16X32,2.00,1,2.00,116.49,ASSEMBLE,Textured,10
1212MS1P Straight Joint Matte,1212MS1P,3.88 SF/CTN,SF,1,Proxy,12x12,3.88,1,3.88,16.77,ASSEMBLE,Matte,10
16482CM1P Xterior Paver Textured,16482CM1P,5.16 SF/CTN,SF,1,,16X48,5.16,1,5.16,10.93,COMMISSARY,Textured,11
XTP624GGT Gutter Grid Tile Textured,XTP624GGT,200.00 PC/CTN,PC,1,,6X24,200.00,1,200.00,89.38,COMMISSARY,Textured,11
XTP624GT Gutter Tile Textured,XTP624GT,2.00 PC/CTN,PC,1,,6X24,2.00,1,2.00,108.94,COMMISSARY,Textured,11
6242CML41P L-Edging Matte,6242CML41P,2.00 PC/CTN,PC,1,,6X24,2.00,1,2.00,84.68,COMMISSARY,Matte,11
6482CML41P L-Edging Matte,6482CML41P,2.00 PC/CTN,PC,1,,6X48,2.00,1,2.00,308.56,COMMISSARY,Matte,11
12242CMST1P Gradino Step Tread Matte,12242CMST1P,3.00 PC/CTN,PC,1,,12X24,3.00,1,3.00,141.45,COMMISSARY,Matte,11
XTP1624SLHR Left Hand Return Step Nose Textured,XTP1624SLHR,2.00 PC/CTN,PC,1,,16X24,2.00,1,2.00,167.15,COMMISSARY,Textured,11
XTP1624SLHR Left Hand Return Step Nose Textured,XTP1624SLHR,2.00 PC/CTN,PC,1,,16X24,2.00,1,2.00,97.18,COMMISSARY,Textured,11
XTP1624SRHR Right Hand Return Step Nose Textured,XTP1624SRHR,2.00 PC/CTN,PC,1,,16X24,2.00,1,2.00,97.18,COMMISSARY,Textured,12
XTP1648SLHR Left Hand Return Step Nose Textured,XTP1648SLHR,1.00 PC/CTN,PC,1,,16X48,1.00,1,1.00,167.15,COMMISSARY,Textured,12
XTP1648SRHR Right Hand Return Step Nose Textured,XTP1648SRHR,1.00 PC/CTN,PC,1,,16X48,1.00,1,1.00,167.15,COMMISSARY,Textured,12
6482CML41P L-Edging Matte,6482CML41P,2.00 PC/CTN,PC,1,,16X48,2.00,1,2.00,308.56,COMMISSARY,Matte,12
XTP1224TX Xterior Paver Textured,XTP1224TX,7.56 SF/CTN,SF,1,Bluestone,12X24,7.56,1,7.56,5.24,LANESBORO,Textured,12
XTP2424TX Xterior Paver Textured,XTP2424TX,7.60 SF/CTN,SF,1,Bluestone,24X24,7.60,1,7.60,5.24,LANESBORO,Textured,12
XTP2424MT Xterior Paver Matte,XTP2424MT,7.60 SF/CTN,SF,1,,24X24,7.60,1,7.60,4.19,NOMINEE,Matte,13
XTP624GGT Gutter Grid Tile Matte,XTP624GGT,200.00 PC/CTN,PC,1,,6X24,200.00,1,200.00,84.91,NOMINEE,Matte,13
XTP624GT Gutter Tile Matte,XTP624GT,2.00 PC/CTN,PC,1,,6X24,2.00,1,2.00,99.72,NOMINEE,Matte,13
XTP1224C6MT Coping 6cm Return Matte,XTP1224C6MT,2.00 PC/CTN,PC,1,,12X24,2.00,1,2.00,73.13,NOMINEE,Matte,13
XTP1224S Step Nose Matte,XTP1224S,2.00 PC/CTN,PC,1,,12X24,2.00,1,2.00,63.99,NOMINEE,Matte,13
XTP1224SLHR Left Hand Return Step Nose Matte,XTP1224SLHR,2.00 PC/CTN,PC,1,,12X24,2.00,1,2.00,73.48,NOMINEE,Matte,13
XTP1224SRHR Right Hand Return Step Nose Matte,XTP1224SRHR,2.00 PC/CTN,PC,1,,12X24,2.00,1,2.00,73.48,NOMINEE,Matte,13
XTP2424SMT 2424S Step Nose Matte,XTP2424SMT,2.00 PC/CTN,PC,1,,24X24,2.00,1,2.00,74.67,NOMINEE,Matte,13
XTP2424SLHR Left Hand Return Step Nose Matte,XTP2424SLHR,2.00 PC/CTN,PC,1,,24X24,2.00,1,2.00,73.48,NOMINEE,Matte,13
XTP2424SRHR Right Hand Return Step Nose Matte,XTP2424SRHR,2.00 PC/CTN,PC,1,,24X24,2.00,1,2.00,107.19,NOMINEE,Matte,13
R1224XTMBMT Rectangle Stepwise Matte,R1224XTMBMT,17.02 SF/CTN,SF,1,White,12X24,17.02,1,17.02,3.14,REKINDLE,Stepwise Matte,13
SQU2424XTMT Square Stepwise Matte,SQU2424XTMT,15.20 SF/CTN,SF,1,White,24X24,15.20,1,15.20,3.14,REKINDLE,Stepwise Matte,13
XTP2424TX Xterior Paver Textured,XTP2424TX,7.60 SF/CTN,SF,1,,24X24,7.60,1,7.60,5.24,REKINDLE,Textured,13
RCT2448XTMT Rectangle Stepwise Matte,RCT2448XTMT,15.26 SF/CTN,SF,1,White,24X48,15.26,1,15.26,3.14,REKINDLE,Stepwise Matte,13
P43F9MT Bullnose Matte,P43F9MT,10.00 PC/CTN,PC,1,White,3X24,10.00,1,10.00,13.22,REKINDLE,Matte,14
MIXEDMSXTMT Mosaic Stepwise Matte,MIXEDMSXTMT,4.85 SF/CTN,SF,1,White,14x14,4.85,1,4.85,24.47,REKINDLE,Stepwise Matte,14
HER26MSXTMT Herringbone Stepwise Matte,HER26MSXTMT,7.80 SF/CTN,SF,1,White,7x4,7.80,1,7.80,14.54,REKINDLE,Stepwise Matte,15
S36C9 Cove Base Matte,S36C9MT,"22.00 PC/CTN",PC,22,DL25 Off White,6X12,22,,,"14.32",DELEGATE,MATTE
640GGT Gutter Grid Tile Textured,XTP640GGT,"3.00 PC/CTN",PC,3,,6X40,3,,,"152.74",DELEGATE,TEXTURED
640GT Gutter Tile Textured,XTP640GT,"2.00 PC/CTN",PC,2,,6X40,2,,,"210.88",DELEGATE,TEXTURED
1220C6 Coping 6cm Return Textured,XTP1220C6TX,"2.00 PC/CTN",PC,2,,12X20,2,,,"73.13",DELEGATE,TEXTURED
Gradino Step Tread Matte,16402CMST1P,"1.00 PC/CTN",PC,1,,16X40,1,,,"275.56",DELEGATE,MATTE
2020S Step Nose Textured,XTP2020STX,"2.00 PC/CTN",PC,2,,20X20,2,,,"75.73",DELEGATE,TEXTURED
2020SLHR Left Hand Return Step Nose Textured,XTP2020SLHR,"2.00 PC/CTN",PC,2,,20X20,2,,,"99.23",DELEGATE,TEXTURED
2020SRHR Right Hand Return Step Nose Textured,XTP2020SRHR,"2.00 PC/CTN",PC,2,,20X20,2,,,"99.23",DELEGATE,TEXTURED
2040SLHR Left Hand Return Step Nose Textured,XTP2040SLHR,"1.00 PC/CTN",PC,1,,20X40,1,,,"165.42",DELEGATE,TEXTURED
2040SRHR Right Hand Return Step Nose Textured,XTP2040SRHR,"1.00 PC/CTN",PC,1,,20X40,1,,,"165.42",DELEGATE,TEXTURED
Mosaic Tile 12x30 Sheet Random Linear Matte,RANDMS1P2,"7.52 SF/CTN",SF,7.52,DL25 Off White,12x30,,"1",,"15.48",DELEGATE,MATTE
Wall Tile 6X40 Rectangle Matte,6402CML41P,"2.00 PC/CTN",PC,2,DL27 Dark Grey,6X40,2,,,"199.61",DELEGATE,MATTE
Floor Tile 6X24 Rectangle Matte,PLK624MT,"10.23 SF/CTN",SF,10.23,DR07 Luminary White,6X24,10.23,,,"7.81",DIGNITARY,MATTE
Floor Tile 12X24 Rectangle Light Polished,12241LK,"15.12 SF/CTN",SF,15.12,DR08 Superior Taupe,12X24,15.12,,,"9.89",DIGNITARY,LIGHT POLISHED
Floor Tile 12X24 Rectangle Light Polished,RCT1224LP,"17.02 SF/CTN",SF,17.02,DR09 Notable Beige,12X24,17.02,,,"9.89",DIGNITARY,LIGHT POLISHED
Floor Tile 12X24 Rectangle Matte,12241PK,"15.12 SF/CTN",SF,15.12,DR08 Superior Taupe,12X24,15.12,,,"6.06",DIGNITARY,MATTE
Floor Tile 12X24 Rectangle Matte,RCT1224MT,"17.02 SF/CTN",SF,17.02,DR08 Superior Taupe,12X24,17.02,,,"6.06",DIGNITARY,MATTE
Floor Tile 12X24 Rectangle Textured,RCT1224TX,"17.02 SF/CTN",SF,17.02,DR09 Notable Beige,12X24,17.02,,,"7.47",DIGNITARY,TEXTURED
Floor Tile 24X24 Square Matte,24241PK,"15.20 SF/CTN",SF,15.2,DR09 Notable Beige,24X24,15.20,,,"6.38",DIGNITARY,MATTE
Floor Tile 24X24 Xterior Paver Textured,XTP2424TX,"7.60 SF/CTN",SF,7.6,DR07 Luminary White,24X24,7.6,,,"7.03",DIGNITARY,TEXTURED
Floor Tile 24X48 Rectangle Matte,24481P,"15.50 SF/CTN",SF,15.5,DR07 Luminary White,24X48,15.5,,,"9.97",DIGNITARY,MATTE
SC36C9 Cove Base Outcorner Matte,SC36C9MT,"15.00 PC/CTN",PC,15,DR10 Eminence Grey,1X6,15,,,"15.69",DIGNITARY,MATTE
SC36C9 Cove Base Outcorner Matte,SC36C9T1P,"10.00 PC/CTN",PC,10,DR11 Governor Black,1X6,10,,,"13.23",DIGNITARY,MATTE
P43F9 Bullnose Matte,P43F91P1,"10.00 PC/CTN",PC,10,DR12 Herald Brown,3X24,10,,,"10.84",DIGNITARY,MATTE
S36C9 Cove Base Matte,S36C9MT,"22.00 PC/CTN",PC,22,DR09 Notable Beige,6X12,22,,,"15.69",DIGNITARY,MATTE
S36C9 Cove Base Matte,S36C9T1P,"20.00 PC/CTN",PC,20,DR12 Herald Brown,6X12,20,,,"15.33",DIGNITARY,MATTE
XTP624GGT Gutter Grid Tile Textured,XTP624GGT,"200.00 PC/CTN",PC,200,DR07 Luminary White,6X24,200,,,"86.07",DIGNITARY,TEXTURED
XTP624GT Gutter Tile Textured,XTP624GT,"2.00 PC/CTN",PC,2,DR07 Luminary White,6X24,2,,,"102.12",DIGNITARY,TEXTURED
XTP1224C6TX Coping 6cm Return Textured,XTP1224C6TX,"2.00 PC/CTN",PC,2,DR07 Luminary White,12X24,2,,,"76.68",DIGNITARY,TEXTURED
XTP1224S Step Nose Textured,XTP1224S,"2.00 PC/CTN",PC,2,DR07 Luminary White,12X24,2,,,"66.34",DIGNITARY,TEXTURED
XTP1224SLHR Left Hand Return Step Nose Textured,XTP1224SLHR,"2.00 PC/CTN",PC,2,DR07 Luminary White,12X24,2,,,"75.72",DIGNITARY,TEXTURED
XTP1224SRHR Right Hand Return Step Nose Textured,XTP1224SRHR,"2.00 PC/CTN",PC,2,DR07 Luminary White,12X24,2,,,"75.72",DIGNITARY,TEXTURED
Gradino Step Tread Matte,12242CMST1P,"3.00 PC/CTN",PC,3,DR07 Luminary White,12X24,3,,,"63.59",DIGNITARY,MATTE
XTP2424STX Step Nose Textured,XTP2424STX,"2.00 PC/CTN",PC,2,DR07 Luminary White,24X24,2,,,"79.18",DIGNITARY,TEXTURED
XTP2424SLHR Left Hand Return Step Nose Textured,XTP2424SLHR,"2.00 PC/CTN",PC,2,DR07 Luminary White,24X24,2,,,"111.70",DIGNITARY,TEXTURED
XTP2424SRHR Right Hand Return Step Nose Textured,XTP2424SRHR,"2.00 PC/CTN",PC,2,DR07 Luminary White,24X24,2,,,"111.70",DIGNITARY,TEXTURED
Mosaic Tile 12x12 Sheet Abstract Matte,1212MS1P2,"3.88 SF/CTN",SF,3.88,DR07 Luminary White,12X12,,"1",,"19.22",DIGNITARY,MATTE
Floor Tile 12X24 Rectangle Matte,12241P,"9.70 SF/CTN",SF,9.7,DP01 Light Grey,12X24,9.7,,,"7.83",DIPLOMACY,MATTE
20402CM1P Xterior Paver Textured,20402CM1P,"5.38 SF/CTN",SF,5.38,DP02 Medium Grey,20X40,5.38,,,"9.79",DIPLOMACY,TEXTURED
Floor Tile 24X24 Square Matte,24241P,"11.64 SF/CTN",SF,11.64,DP03 Dark Grey,24X24,11.64,,,"8.23",DIPLOMACY,MATTE
24242CM1P Xterior Paver Textured,24242CM1P,"7.76 SF/CTN",SF,7.76,DP03 Dark Grey,24X24,7.76,,,"10.24",DIPLOMACY,TEXTURED
Floor Tile 24X48 Rectangle Matte,24481P,"15.50 SF/CTN",SF,15.5,DP01 Light Grey,24X48,15.5,,,"5.65",DIPLOMACY,MATTE
SC36C9T1P Cove Base Outcorner Matte,SC36C9T1P,"10.00 PC/CTN",PC,10,DP03 Dark Grey,1X6,10,,,"15.06",DIPLOMACY,MATTE
S43F91P1 Bullnose Matte,S43F91P1,"10.00 PC/CTN",PC,10,DP02 Medium Grey,3X24,10,,,"12.56",DIPLOMACY,MATTE
XTP640GGT Gutter Grid Tile Textured,XTP640GGT,"3.00 PC/CTN",PC,3,DP03 Dark Grey,6X40,3,,,"152.96",DIPLOMACY,TEXTURED
XTP640GT Gutter Tile Textured,XTP640GT,"2.00 PC/CTN",PC,2,DP03 Dark Grey,6X40,2,,,"211.34",DIPLOMACY,TEXTURED
XTP1220C6TX Coping 6cm Return Textured,XTP1220C6TX,"2.00 PC/CTN",PC,2,DP03 Dark Grey,12X20,2,,,"73.32",DIPLOMACY,TEXTURED
XTP2020STX Step Nose Textured,XTP2020STX,"2.00 PC/CTN",PC,2,DP03 Dark Grey,20X20,2,,,"76.10",DIPLOMACY,TEXTURED
XTP2020SLHR Left Hand Return Step Nose Textured,XTP2020SLHR,"2.00 PC/CTN",PC,2,DP03 Dark Grey,20X20,2,,,"99.59",DIPLOMACY,TEXTURED
XTP2020SRHR Right Hand Return Step Nose Textured,XTP2020SRHR,"2.00 PC/CTN",PC,2,DP03 Dark Grey,20X20,2,,,"99.59",DIPLOMACY,TEXTURED
XTP2040SLHR Left Hand Return Step Nose Textured,XTP2040SLHR,"1.00 PC/CTN",PC,1,DP03 Dark Grey,20X40,1,,,"166.14",DIPLOMACY,TEXTURED
XTP2040SRHR Right Hand Return Step Nose Textured,XTP2040SRHR,"1.00 PC/CTN",PC,1,DP01 Light Grey,20X40,1,,,"166.14",DIPLOMACY,TEXTURED
XTP2040SRHR Right Hand Return Step Nose Textured,XTP2040SRHR,"2.00 PC/CTN",PC,2,DP03 Dark Grey,20X40,2,,,"166.14",DIPLOMACY,TEXTURED
Mosaic Tile 12x12 Sheet 5/8X1 Brick Joint Matte,581BJMS1P,"3.88 SF/CTN",SF,3.88,DP01 Light Grey,5/8X1,,"1",,"25.02",DIPLOMACY,MATTE
24481P Rectangle Matte,24481P,"15.50 SF/CTN",SF,15.5,DP01 Light Grey,24X48,15.5,,,"9.26",CONSULATE,MATTE
SC36C9T1P Cove Base Outcorner Matte,SC36C9T1P,"10.00 PC/CTN",PC,10,CS05 Premier Grey,1X6,10,,,"13.18",CONSULATE,MATTE
PLK624MT Rectangle Matte,PLK624MT,"10.23 SF/CTN",SF,10.23,HM03 Glitterati Granite,6X24,10.23,,,"7.81",HAUT MONDE,MATTE
12121PK Square Matte,12121PK,"12.22 SF/CTN",SF,12.22,HM04 Leisure Beige,12X12,12.22,,,"5.32",HAUT MONDE,MATTE
RCT1224LP Rectangle Light Polished,RCT1224LP,"17.02 SF/CTN",SF,17.02,HM05 Elite Grey,12X24,17.02,,,"6.85",HAUT MONDE,LIGHT POLISHED
RCT1224MT Rectangle Matte,RCT1224MT,"17.02 SF/CTN",SF,17.02,HM06 Empire Black,12X24,17.02,,,"4.64",HAUT MONDE,MATTE
24241PK Square Matte,24241PK,"15.20 SF/CTN",SF,15.20,HM08 Nobility White,24X24,15.20,,,"5.81",HAUT MONDE,MATTE
Rectangle, Leather,1224X1N,12.00 SF/CTN,SF,12.00,"Crema Europa, Lagos Blue",12X24,12.00,,16.38,NATURAL STONE LIMESTONE,LEATHER
Square, Honed,1818X1U,9.00 SF/CTN,SF,9.00,"Crema Europa, Lagos Blue",18X18,9.00,,22.02,NATURAL STONE LIMESTONE,HONED
Square, Honed,1818X1U,9.00 SF/CTN,SF,9.00,"Crema Europa, Lagos Blue",18X18,9.00,,14.29,NATURAL STONE LIMESTONE,HONED
Rectangle, Honed,361U,7.50 SF/CTN,SF,7.50,Stone Tile,3X6,7.50,,12.83,NATURAL STONE MARBLE,HONED
Rectangle, Honed,361U,10.00 SF/CTN,SF,10.00,Stone Tile,3X6,10.00,,17.24,NATURAL STONE MARBLE,HONED
Rectangle, Polished,361L,7.50 SF/CTN,SF,7.50,Stone Tile,3X6,7.50,,12.76,NATURAL STONE MARBLE,POLISHED
Rectangle, Polished,361L,10.00 SF/CTN,SF,10.00,Stone Tile,3X6,10.00,,17.54,NATURAL STONE MARBLE,POLISHED
Rectangle, Tumbled,36TS1P,10.00 SF/CTN,SF,10.00,Stone Tile,3X6,10.00,,16.62,NATURAL STONE MARBLE,TUMBLED
Square, Honed,12121U,10.00 SF/CTN,SF,10.00,Stone Tile,12X12,10.00,,6.51,NATURAL STONE MARBLE,HONED
Square, Honed,12121U,10.00 SF/CTN,SF,10.00,Stone Tile,12X12,10.00,,15.62,NATURAL STONE MARBLE,HONED
Square, Honed,12121U,10.00 SF/CTN,SF,10.00,Stone Tile,12X12,10.00,,13.80,NATURAL STONE MARBLE,HONED
Square, Honed,12121U,10.00 SF/CTN,SF,10.00,Stone Tile,12X12,10.00,,31.97,NATURAL STONE MARBLE,HONED
Square, Polished,12121L,10.00 SF/CTN,SF,10.00,Stone Tile,12X12,10.00,,15.45,NATURAL STONE MARBLE,POLISHED
Square, Polished,12121L,10.00 SF/CTN,SF,10.00,Stone Tile,12X12,10.00,,13.96,NATURAL STONE MARBLE,POLISHED
Square, Polished,12121L,10.00 SF/CTN,SF,10.00,Stone Tile,12X12,10.00,,10.00,NATURAL STONE MARBLE,POLISHED
Square, Polished,12121L,10.00 SF/CTN,SF,10.00,Stone Tile,12X12,10.00,,14.88,NATURAL STONE MARBLE,POLISHED
Square, Polished,12121L,10.00 SF/CTN,SF,10.00,Stone Tile,12X12,10.00,,13.39,NATURAL STONE MARBLE,POLISHED
Square, Polished,12121L,10.00 SF/CTN,SF,10.00,Stone Tile,12X12,10.00,,33.65,NATURAL STONE MARBLE,POLISHED
Square, Polished,12121L,10.00 SF/CTN,SF,10.00,Stone Tile,12X12,10.00,,18.09,NATURAL STONE MARBLE,POLISHED
Square, Polished,12121L,10.00 SF/CTN,SF,10.00,Stone Tile,12X12,10.00,,10.77,NATURAL STONE MARBLE,POLISHED
Square, Polished,12121L,10.00 SF/CTN,SF,10.00,Stone Tile,12X12,10.00,,9.14,NATURAL STONE MARBLE,POLISHED
Square, Polished,12121L,10.00 SF/CTN,SF,10.00,Stone Tile,12X12,10.00,,18.10,NATURAL STONE MARBLE,POLISHED
Square, Polished,12121L,10.00 SF/CTN,SF,10.00,Stone Tile,12X12,10.00,,15.80,NATURAL STONE MARBLE,POLISHED
Square, Polished,12121L,10.00 SF/CTN,SF,10.00,Stone Tile,12X12,10.00,,7.02,NATURAL STONE MARBLE,POLISHED
Rectangle, Honed,12241U,10.00 SF/CTN,SF,10.00,Stone Tile,12X24,10.00,,10.48,NATURAL STONE MARBLE,HONED
Rectangle, Honed,12241U,12.00 SF/CTN,SF,12.00,Stone Tile,12X24,12.00,,42.77,NATURAL STONE MARBLE,HONED
Rectangle, Honed,12241U,10.00 SF/CTN,SF,10.00,Stone Tile,12X24,10.00,,13.77,NATURAL STONE MARBLE,HONED
Rectangle, Honed,12241U,10.00 SF/CTN,SF,10.00,Stone Tile,12X24,10.00,,15.52,NATURAL STONE MARBLE,HONED
Rectangle, Polished,12241L,10.00 SF/CTN,SF,10.00,Stone Tile,12X24,10.00,,15.59,NATURAL STONE MARBLE,POLISHED
Rectangle, Polished,12241L,10.00 SF/CTN,SF,10.00,Stone Tile,12X24,10.00,,10.48,NATURAL STONE MARBLE,POLISHED
Rectangle, Polished,12241L,4.00 SF/CTN,SF,4.00,Stone Tile,12X24,4.00,,17.62,NATURAL STONE MARBLE,POLISHED
Rectangle, Polished,12241L,10.00 SF/CTN,SF,10.00,Stone Tile,12X24,10.00,,13.77,NATURAL STONE MARBLE,POLISHED
Rectangle, Polished,12241L,12.00 SF/CTN,SF,12.00,Stone Tile,12X24,12.00,,38.40,NATURAL STONE MARBLE,POLISHED
Square, Honed,18181U,13.50 SF/CTN,SF,13.50,Stone Tile,18X18,13.50,,54.83,NATURAL STONE MARBLE,HONED
Square, Honed,18181U,11.25 SF/CTN,SF,11.25,Stone Tile,18X18,11.25,,13.97,NATURAL STONE MARBLE,HONED
Square, Polished,1818121L,11.25 SF/CTN,SF,11.25,Stone Tile,18X18,11.25,,10.71,NATURAL STONE MARBLE,POLISHED
Square, Polished,1818121L,11.25 SF/CTN,SF,11.25,Stone Tile,18X18,11.25,,12.83,NATURAL STONE MARBLE,POLISHED
Square, Polished,18181L,11.25 SF/CTN,SF,11.25,Stone Tile,18X18,11.25,,13.65,NATURAL STONE MARBLE,POLISHED
Square, Polished,18181L,13.50 SF/CTN,SF,13.50,Stone Tile,18X18,13.50,,18.97,NATURAL STONE MARBLE,POLISHED
Square, Polished,18181L,13.50 SF/CTN,SF,13.50,Stone Tile,18X18,13.50,,51.02,NATURAL STONE MARBLE,POLISHED
Square, Polished,1818X1L,11.23 SF/CTN,SF,11.23,Stone Tile,18X18,11.23,,13.43,NATURAL STONE MARBLE,POLISHED
D_SEGNI Floor Tile 8X8 Square Matte,881P,10.32 SF/CTN,SF,10.32,"Chalk, Sand, Smoke, Mud, Denim, Shadow, Midnight",8X8,,,"$5.09",D_SEGNI,Matte
D_SEGNI Floor Tile Deco 8X8 Birdseye Matte,88BIRD1P,24.00 PC/CTN,PC,24.00,Birdseye,8X8,,,"$3.22",D_SEGNI,Matte
D_SEGNI Floor Tile Deco 8X8 Double Diamond Matte,88DIAMOND1P,24.00 PC/CTN,PC,24.00,Double Diamond,8X8,,,"$3.22",D_SEGNI,Matte
D_SEGNI Floor Tile Deco 8X8 Kaleido Matte,88KALEIDO1P,24.00 PC/CTN,PC,24.00,Kaleido,8X8,,,"$3.22",D_SEGNI,Matte
D_SEGNI Floor Tile Deco 8X8 Parisan Matte,88PARIS1P,24.00 PC/CTN,PC,24.00,Parisan,8X8,,,"$3.22",D_SEGNI,Matte
D_SEGNI Floor Tile Deco 8X8 Peak Matte,88PEAK1P,24.00 PC/CTN,PC,24.00,Peak,8X8,,,"$3.22",D_SEGNI,Matte
D_SEGNI Floor Tile Deco 8X8 Plaid Matte,88PLAID1P,24.00 PC/CTN,PC,24.00,Plaid,8X8,,,"$3.22",D_SEGNI,Matte
D_SEGNI Floor Tile Deco 8X8 Starlit Matte,88STAR1P,24.00 PC/CTN,PC,24.00,Starlit,8X8,,,"$3.22",D_SEGNI,Matte
D_SEGNI Floor Tile Deco 8X8 Stella Matte,88STELLA1P,24.00 PC/CTN,PC,24.00,Stella,8X8,,,"$3.22",D_SEGNI,Matte
D_SEGNI COLOR Floor Tile 8X8 Square Matte,881P,10.32 SF/CTN,SF,10.32,Mustard,8X8,,,"$5.19",D_SEGNI COLOR,Matte
D_SEGNI COLOR Floor Tile Deco 8X8 Clover Matte,881P,24.00 PC/CTN,PC,24.00,Clover,8X8,,,"$3.03",D_SEGNI COLOR,Matte
D_SEGNI COLOR Floor Tile Deco 8X8 Honeycomb Matte,881P,24.00 PC/CTN,PC,24.00,Honeycomb,8X8,,,"$3.03",D_SEGNI COLOR,Matte
D_SEGNI COLOR Floor Tile Deco 8X8 Lily Matte,881P,24.00 PC/CTN,PC,24.00,Lily,8X8,,,"$3.03",D_SEGNI COLOR,Matte
D_SEGNI COLOR Floor Tile Deco 8X8 Monarch Matte,881P,24.00 PC/CTN,PC,24.00,Monarch,8X8,,,"$3.03",D_SEGNI COLOR,Matte
D_SEGNI TERRAZZO Floor Tile 8X8 Square Matte,881P,10.32 SF/CTN,SF,10.32,White,8X8,,,"$5.16",D_SEGNI TERRAZZO,Matte
D_SEGNI TERRAZZO Floor Tile Deco 8X8 Chalet Matte,881P,24.00 PC/CTN,PC,24.00,Chalet,8X8,,,"$3.29",D_SEGNI TERRAZZO,Matte
D_SEGNI TERRAZZO Floor Tile Deco 8X8 Croix Matte,881P,24.00 PC/CTN,PC,24.00,Croix,8X8,,,"$3.29",D_SEGNI TERRAZZO,Matte
D_SEGNI TERRAZZO Floor Tile Deco 8X8 Fleur-De-Lis Matte,881P,24.00 PC/CTN,PC,24.00,Fleur-De-Lis,8X8,,,"$3.29",D_SEGNI TERRAZZO,Matte
D_SEGNI TERRAZZO Floor Tile Deco 8X8 Fresco Matte,881P,24.00 PC/CTN,PC,24.00,Fresco,8X8,,,"$3.29",D_SEGNI TERRAZZO,Matte
EDGEWOOD Floor Tile 6X24 Plank Matte,6241PR,15.00 SF/CTN,SF,15.00,Stone,6X24,,,"$1.88",EDGEWOOD,Matte
EDGEWOOD Floor Tile 6X24 Plank Matte,PLK624MTJ1,16.10 SF/CTN,SF,16.10,Steel,6X24,,,"$1.88",EDGEWOOD,Matte
ELYSIAN Floor Tile 12X24 Rectangle Matte,RCT1224MTJ1,17.60 SF/CTN,SF,17.60,Gentle Breeze,12X24,,,"$1.42",ELYSIAN,Matte
ELYSIAN Floor Tile Trim 3X12 Bullnose Matte,P43C91P1,30.00 PC/CTN,PC,30.00,Gentle Breeze,3X12,,,"$4.01",ELYSIAN,Matte
FONDAMENTA Floor Tile 12X24 Rectangle Matte,RCT1224MT,15.50 SF/CTN,SF,15.50,Ash Light,12X24,,,"$5.16",FONDAMENTA,Matte
FONDAMENTA Floor Tile 24X24 Square Matte,SQU2424MT,11.60 SF/CTN,SF,11.60,Light Grey,24X24,,,"$5.93",FONDAMENTA,Matte
FONDAMENTA Floor Tile 24X48 Rectangle Matte,RCT2448MT,15.44 SF/CTN,SF,15.44,Dark Grey,24X48,,,"$6.15",FONDAMENTA,Matte
FORGEHAUS Floor Tile 12X24 Rectangle Matte,RCT1224MT,17.02 SF/CTN,SF,17.02,Beam,12X24,,,"$4.72",FORGEHAUS,Matte
FORGEHAUS Floor Tile 24X24 Square Matte,SQU2424MT,15.21 SF/CTN,SF,15.21,Beam,24X24,,,"$4.72",FORGEHAUS,Matte
FORGEHAUS Floor Tile 24X48 Rectangle Matte,RCT2448MT,15.26 SF/CTN,SF,15.26,Beam,24X48,,,"$5.25",FORGEHAUS,Matte
FORGEHAUS Floor Tile Trim 1X6 Cove BC Matte,PC36C9MT,6.00 PC/CTN,PC,6.00,Beam,1X6,,,"$9.45",FORGEHAUS,Matte
FORGEHAUS Floor Tile Trim 3X24 Bullnose Matte,P43F9MT,10.00 PC/CTN,PC,10.00,Beam,3X24,,,"$6.82",FORGEHAUS,Matte
FORGEHAUS Floor Tile Trim 6X12 Cove Base Matte,P36C9MT,12.00 PC/CTN,PC,12.00,Beam,6X12,,,"$9.45",FORGEHAUS,Matte
FORGEHAUS Mosaic Tile 12X11 Sheet 2X4 Trapezoid Matte,TPZ24MSMT,9.50 SF/CTN,SF,9.50,Beam,2X4,,,"$14.70",FORGEHAUS,Matte
FORGEHAUS Wall Tile 12X24 Rectangle Ripple Matte,1224RPLMT,15.56 SF/CTN,SF,15.56,Beam,12X24,,,"$6.38",FORGEHAUS,Matte
FORGEHAUS Wall Tile Trim 1/2X12 Jolly Matte,S1/212JMT,6.00 CD/CTN,CD,6.00,Beam,1/2X12,,,"$11.38",FORGEHAUS,Matte
GEOMETAL Mosaic Tile 11X12 Sheet 3X3 Hexagon Satin,33HEXMS1P,6.00 PC/CTN,PC,6.00,"Champagne Gold, Bronze, Nickel, Gunmetal",3X3,,,"$50.10",GEOMETAL,Satin
GEOMETAL Mosaic Tile 12X14 Sheet 2X5 Harlequin Satin,25HARMS1P,6.00 PC/CTN,PC,6.00,"Champagne Gold, Bronze, Nickel, Gunmetal",2X5,,,"$50.20",GEOMETAL,Satin
GEOMETAL Wall Tile Deco 6X6 Floret Satin,66FLOR1P,48.00 PC/CTN,PC,48.00,"Champagne Gold, Bronze, Nickel, Gunmetal",6X6,,,"$14.15",GEOMETAL,Satin
GEOMETAL Wall Tile Deco 6X6 Geometric Satin,66GEOM1P,48.00 PC/CTN,PC,48.00,"Champagne Gold, Bronze, Nickel, Gunmetal",6X6,,,"$14.51",GEOMETAL,Satin
GEOMETAL Wall Tile Deco 6X6 Ornamental Satin,66ORNA1P,48.00 PC/CTN,PC,48.00,"Champagne Gold, Bronze, Nickel, Gunmetal",6X6,,,"$15.58",GEOMETAL,Satin
GEOMETAL Wall Tile Trim 1/2X12 Diamond Liner Satin,DIA1/2121P,24.00 PC/CTN,PC,24.00,"Champagne Gold, Bronze, Nickel, Gunmetal",1/2X12,,,"$5.12",GEOMETAL,Satin
GEOMETAL Wall Tile Trim 1/2X12 Jolly Satin,S1/212J1P,192.00 PC/CTN,PC,192.00,"Champagne Gold, Bronze, Nickel, Gunmetal",1/2X12,,,"$5.64",GEOMETAL,Satin
GEOMETAL Wall Tile Trim 1/2X12 Square Liner Satin,SQU1/2121P,24.00 PC/CTN,PC,24.00,"Champagne Gold, Bronze, Nickel, Gunmetal",1/2X12,,,"$5.07",GEOMETAL,Satin
HAWTHORNE Wall Tile 4X12 Rectangle Bevel Glossy,412MODB1P2,7.98 SF/CTN,SF,7.98,Refined White,4X12,,,"$3.68",HAWTHORNE,Glossy
HAWTHORNE Wall Tile 4X12 Rectangle Glossy,412MOD1P2,10.64 SF/CTN,SF,10.64,Refined White,4X12,,,"$3.36",HAWTHORNE,Glossy
HAWTHORNE Wall Tile 8X24 Rectangle Bevel Glossy,824BEV1P2,13.30 SF/CTN,SF,13.30,Refined White,8X24,,,"$4.47",HAWTHORNE,Glossy
HAWTHORNE Wall Tile 8X24 Rectangle Glossy,8241P2,13.30 SF/CTN,SF,13.30,Refined White,8X24,,,"$3.83",HAWTHORNE,Glossy
HAWTHORNE Wall Tile 10X14 Rectangle Bevel Glossy,1014BEV1P2,12.38 SF/CTN,SF,12.38,Refined White,10X14,,,"$3.35",HAWTHORNE,Glossy
HAWTHORNE Wall Tile 10X14 Rectangle Glossy,10141P2,14.25 SF/CTN,SF,14.25,Refined White,10X14,,,"$2.20",HAWTHORNE,Glossy
HAWTHORNE Wall Tile Trim 1/2X12 Jolly Glossy,S1/212J1P2,192.00 PC/CTN,PC,192.00,Refined White,1/2X12,,,"$6.84",HAWTHORNE,Glossy
HIGH RIDGE Floor Tile 6X36 Plank Matte,6361PR,13.05 SF/CTN,SF,13.05,Gray,6X36,,,"$1.46",HIGH RIDGE,Matte
HISTORIA Floor Tile 12X24 Rectangle Light Polished,RCT1224LP,17.02 SF/CTN,SF,17.02,Heirloom White,12X24,,,"$3.61",HISTORIA,Light Polished
HISTORIA Floor Tile 24X24 Square Light Polished,24241LK,15.20 SF/CTN,SF,15.20,Heirloom White,24X24,,,"$3.61",HISTORIA,Light Polished
HISTORIA Floor Tile 24X48 Rectangle Light Polished,24481LK,15.26 SF/CTN,SF,15.26,Heirloom White,24X48,,,"$4.55",HISTORIA,Light Polished
HISTORIA Floor Tile Deco 4X8 Half Hex Light Polished,48DECO1L2,3.56 SF/CTN,SF,3.56,Heirloom White,4X8,,,"$12.39",HISTORIA,Light Polished
HISTORIA Floor Tile Trim 3X24 Bullnose Light Polished,P43F91LK,10.00 PC/CTN,PC,10.00,Heirloom White,3X24,,,"$6.17",HISTORIA,Light Polished
ILLUSIONIST Floor Tile 12X24 Rectangle Matte,RCT1224MT,17.02 SF/CTN,SF,17.02,Lumen,12X24,,,"$4.18",ILLUSIONIST,Matte
ILLUSIONIST Floor Tile 24X24 Square Matte,SQU2424MT,15.21 SF/CTN,SF,15.21,Lumen,24X24,,,"$4.18",ILLUSIONIST,Matte
ILLUSIONIST Floor Tile 24X48 Rectangle Matte,RCT2448MT,15.26 SF/CTN,SF,15.26,Lumen,24X48,,,"$4.77",ILLUSIONIST,Matte
ILLUSIONIST Floor Tile Trim 3X24 Bullnose Matte,P43F9MT,10.00 PC/CTN,PC,10.00,Lumen,3X24,,,"$8.39",ILLUSIONIST,Matte
ILLUSIONIST Mosaic Tile 12X12 Sheet 3X3 Straight Joint Matte,STJ33MSMT,7.00 SF/CTN,SF,7.00,Lumen,3X3,,,"$11.74",ILLUSIONIST,Matte
ILLUSIONIST Mosaic Tile 12X24 Sheet 1X24 Stacked Matte,STK124MSMT,7.56 SF/CTN,SF,7.56,Mirage,1X24,,,"$12.16",ILLUSIONIST,Matte
INYO Floor Tile 8 Hexagon Microban Satin,HEX8MBST,9.37 SF/CTN,SF,9.37,Crema,8,,,"$4.21",INYO,Microban Satin
INYO Floor Tile 2X8 Rectangle Microban Satin,RCT28MBST,4.00 SF/CTN,SF,4.00,Crema,2X8,,,"$5.43",INYO,Microban Satin
INYO Mosaic Tile 12X10 Sheet 1X6 Straight Joint Microban Satin,STJ16MBMSST,8.30 SF/CTN,SF,8.30,Crema,1X6,,,"$8.36",INYO,Microban Satin
INYO Mosaic Tile 13X11 Penny Rounds Microban Matte,PNYRDMBMSMT,10.60 SF/CTN,SF,10.60,Crema,Penny Rounds,,,"$8.36",INYO,Microban Matte
KNOXWOOD Floor Tile 6X24 Plank Matte,624S1PR,14.53 SF/CTN,SF,14.53,Ginger,6X24,,,"$1.63",KNOXWOOD,Matte
KNOXWOOD Floor Tile 6X24 Plank Matte,PLK624MTJ1,16.10 SF/CTN,SF,16.10,Caraway,6X24,,,"$1.63",KNOXWOOD,Matte
LOUNGE14 Floor Tile 12X24 Rectangle Decorative Inlay Matte,1224A1PF,17.37 SF/CTN,SF,17.37,Cosmopolitan,12X24,,,"$3.76",LOUNGE14,Matte
LOUNGE14 Floor Tile 12X24 Rectangle Matte,1224A1PF,17.37 SF/CTN,SF,17.37,Cosmopolitan,12X24,,,"$3.05",LOUNGE14,Matte
LOUNGE14 Floor Tile Trim 1X6 Cove Base Outcorner Matte,SC36C9T1P2,6.00 PC/CTN,PC,6.00,Spritzer,1X6,,,"$9.66",LOUNGE14,Matte
LOUNGE14 Floor Tile Trim 3X24 Bullnose Matte,324A1P1,15.00 PC/CTN,PC,15.00,Martini,3X24,,,"$9.62",LOUNGE14,Matte
LOUNGE14 Floor Tile Trim 6X12 Cove Base Matte,S36C9T1P2,12.00 PC/CTN,PC,12.00,Sidecar,6X12,,,"$9.77",LOUNGE14,Matte
LUMINESCENCE Mosaic Tile 9X12 Sheet 3X4 Straight Joint Glass,34MS1P,7.60 SF/CTN,SF,7.60,Champagne,3X4,,,"$25.97",LUMINESCENCE,Glass
MARBLE OBSESSION Floor Tile 12X24 Rectangle Matte,1224A1PF,16.83 SF/CTN,SF,16.83,Arabescato,12X24,,,"$2.30",MARBLE OBSESSION,Matte
MARBLE OBSESSION Floor Tile 12X24 Rectangle Polished,1224A1LF,16.83 SF/CTN,SF,16.83,Arabescato,12X24,,,"$2.40",MARBLE OBSESSION,Polished
MARBLE OBSESSION Floor Tile 24X24 Square Matte,24241PF,15.20 SF/CTN,SF,15.20,Arabescato,24X24,,,"$3.33",MARBLE OBSESSION,Matte
MARBLE OBSESSION Floor Tile 24X24 Square Polished,24241LF,15.20 SF/CTN,SF,15.20,Arabescato,24X24,,,"$3.72",MARBLE OBSESSION,Polished
MARBLE OBSESSION Floor Tile Trim 3X24 Bullnose Matte,P43F91P1,10.00 PC/CTN,PC,10.00,Arabescato,3X24,,,"$8.09",MARBLE OBSESSION,Matte
MARBLE OBSESSION Floor Tile Trim 3X24 Bullnose Polished,P43F91L1,10.00 PC/CTN,PC,10.00,Arabescato,3X24,,,"$9.40",MARBLE OBSESSION,Polished
MARBLE OBSESSION Mosaic Tile 11X12 Sheet 2X2 Straight Joint Matte,22MS1P2,10.00 SF/CTN,SF,10.00,Arabescato,2X2,,,"$5.85",MARBLE OBSESSION,Matte
MARBLE OBSESSION Mosaic Tile 11X12 Sheet 2X5 Picket Satin,25PICKMS1P2,8.76 SF/CTN,SF,8.76,Arabescato,2X5,,,"$6.25",MARBLE OBSESSION,Satin
MARBLE OBSESSION Wall Tile 6 Arabesque Matte,6ARAB1P2,10.80 SF/CTN,SF,10.80,Arabescato,6,,,"$6.00",MARBLE OBSESSION,Matte
MARBLE OBSESSION Wall Tile 8 Hexagon Matte,8HEX1P2,9.37 SF/CTN,SF,9.37,Arabescato,8,,,"$5.17",MARBLE OBSESSION,Matte
MARBLE OBSESSION Wall Tile Trim 1/2X12 Jolly Matte,S1/212J1P2,6.00 CD/CTN,CD,6.00,Arabescato,1/2X12,,,"$11.27",MARBLE OBSESSION,Matte
MATERIKA Wall Tile 16X48 Rectangle Linear Textured,1648LINR1P,25.40 SF/CTN,SF,25.40,Off White,16X48,,,"$9.06",MATERIKA,Textured
MATERIKA Wall Tile 16X48 Rectangle Matte,16481P,30.48 SF/CTN,SF,30.48,Off White,16X48,,,"$9.18",MATERIKA,Matte
MATERIKA Wall Tile 16X48 Rectangle Wave Textured,1648WAVE1P,25.40 SF/CTN,SF,25.40,Off White,16X48,,,"$9.37",MATERIKA,Textured
MERCATO Floor Tile 8X36 Plank Matte,PLK836MT,19.60 SF/CTN,SF,19.60,Bianco,8X36,,,"$1.43",MERCATO,Matte
MERCATO Wall Tile 8X36 Plank Matte,PLK836MT,19.60 SF/CTN,SF,19.60,Bianco,8X36,,,"$1.43",MERCATO,Matte
MERONA Floor Tile 8X40 Plank Matte,8401PR,10.75 SF/CTN,SF,10.75,White,8X40,,,"$2.09",MERONA,Matte
MIDDLETON SQUARE Wall Tile 4X12 Rectangle Glossy,412MODA1P2,10.64 SF/CTN,SF,10.64,Oxford White,4X12,,,"$5.23",MIDDLETON SQUARE,Glossy
MIDDLETON SQUARE Wall Tile Trim 4X12 Bullnose 12" Side Glossy,S44C9MA1P2,28.00 PC/CTN,PC,28.00,Oxford White,4X12,,,"$6.69",MIDDLETON SQUARE,Glossy
MIDPARK MOSAICS Mosaic Tile 12X12 Sheet 1 Trapezoid Random Matte,1RANDMS1P,10.30 SF/CTN,SF,10.30,Cloud,1,,,"$16.89",MIDPARK MOSAICS,Matte
MIDPARK MOSAICS Mosaic Tile 12X14 Sheet 3 Rectangle Random Matte,3RANDMS1P,9.80 SF/CTN,SF,9.80,Cloud,3,,,"$15.07",MIDPARK MOSAICS,Matte
MIDPARK MOSAICS Mosaic Tile 14X14 Sheet 2 Square Random Matte,2RANDMS1P,11.10 SF/CTN,SF,11.10,Cloud,2,,,"$15.46",MIDPARK MOSAICS,Matte
MODERN FORMATION Floor Tile 12X24 Rectangle Light Polished,RCT1224LP,17.02 SF/CTN,SF,17.02,Peak White,12X24,,,"$3.46",MODERN FORMATION,Light Polished
MODERN FORMATION Floor Tile 12X24 Rectangle Matte,RCT1224MT,17.02 SF/CTN,SF,17.02,Peak White,12X24,,,"$3.29",MODERN FORMATION,Matte
MODERN FORMATION Floor Tile 12X24 Rectangle Matte,RCT1224XTMT,17.02 SF/CTN,SF,17.02,Peak White,12X24,,,"$3.29",MODERN FORMATION,Matte
MODERN FORMATION Floor Tile 12X24 Rectangle Stepwise Textured,RCT1224XTTX,17.02 SF/CTN,SF,17.02,Peak White,12X24,,,"$4.69",MODERN FORMATION,Textured
MODERN FORMATION Floor Tile 24X24 Square Light Polished,24241LK,15.20 SF/CTN,SF,15.20,Overland Beige,24X24,,,"$4.46",MODERN FORMATION,Light Polished
MODERN FORMATION Floor Tile 24X24 Square Matte,24241PK,15.20 SF/CTN,SF,15.20,Overland Beige,24X24,,,"$4.05",MODERN FORMATION,Matte
MODERN FORMATION Floor Tile 24X48 Rectangle Light Polished,24481LK,15.26 SF/CTN,SF,15.26,Peak White,24X48,,,"$3.35",MODERN FORMATION,Light Polished
MODERN FORMATION Floor Tile 24X48 Rectangle Matte,24481PK,15.26 SF/CTN,SF,15.26,Peak White,24X48,,,"$3.30",MODERN FORMATION,Matte
MODERN FORMATION Floor Tile Trim 1X6 Cove Base Outcorner Matte,PC36C9T1P2,6.00 PC/CTN,PC,6.00,Overland Beige,1X6,,,"$9.24",MODERN FORMATION,Matte
MODERN FORMATION Floor Tile Trim 3X24 Bullnose Light Polished,P43F91L1,10.00 PC/CTN,PC,10.00,Peak White,3X24,,,"$11.34",MODERN FORMATION,Light Polished
MODERN FORMATION Floor Tile Trim 3X24 Bullnose Matte,P43F91P1,10.00 PC/CTN,PC,10.00,Peak White,3X24,,,"$10.42",MODERN FORMATION,Matte
MODERN FORMATION Floor Tile Trim 6X12 Cove Base Matte,P36C9T1P2,12.00 PC/CTN,PC,12.00,Overland Beige,6X12,,,"$9.35",MODERN FORMATION,Matte
MODERN FORMATION Mosaic Tile 12X12 Sheet 2X2 Straight Joint Matte,22MS1P1,10.00 SF/CTN,SF,10.00,Peak White,2X2,,,"$11.46",MODERN FORMATION,Matte
MODERN FORMATION Mosaic Tile 12X13 Sheet Chevron Matte,CHEVRMS1P2,9.30 SF/CTN,SF,9.30,Peak White,Chevron,,,"$23.86",MODERN FORMATION,Matte
